{
    "ssva1": {
        "autoencoder": 0.8975411754791711,
        "vae": 0.8661590152217405,
        "fanogan": 0.8400139124273948,
        "ganomaly": 0.8965759666913236,
        "lraad": 0.9360999790884433,
        "improved_lraad": 0.974191588872555
    },
    "ssva2": {
        "autoencoder": 0.8911446190195288,
        "vae": 0.8651586937455719,
        "fanogan": 0.8559716539168595,
        "ganomaly": 0.9194674887717424,
        "lraad": 0.9474965823650033,
        "improved_lraad": 0.9755094851075384
    },
    "ssva3": {
        "autoencoder": 0.9265660063920699,
        "vae": 0.8957744220451501,
        "fanogan": 0.8662417251097857,
        "ganomaly": 0.9266279412728584,
        "lraad": 0.9606503806215414,
        "improved_lraad": 0.9850802285914038
    },
    "ssva4": {
        "autoencoder": 0.9087009631800548,
        "vae": 0.8867697731252164,
        "fanogan": 0.8653902424180002,
        "ganomaly": 0.9332853069785298,
        "lraad": 0.962583821789842,
        "improved_lraad": 0.978822172180139
    },
    "ssva5": {
        "autoencoder": 0.8962131355786728,
        "vae": 0.8965486568226294,
        "fanogan": 0.8910211393989331,
        "ganomaly": 0.951135622368499,
        "lraad": 0.9721384719582269,
        "improved_lraad": 0.9974794941900206
    },
    "ssva6": {
        "autoencoder": 0.8523009149586296,
        "vae": 0.8177828990283929,
        "fanogan": 0.8126145063780248,
        "ganomaly": 0.8270496251525452,
        "lraad": 0.8673867888900334,
        "improved_lraad": 0.9782141374607127
    }
}