{
    "ssva1": {
        "autoencoder": 0.666397209295551,
        "vae": 0.5824408208150097,
        "fanogan": 0.5160583328391548,
        "ganomaly": 0.7231750765456605,
        "lraad": 0.7929504905892792,
        "improved_lraad": 0.9162330899893986
    },
    "ssva2": {
        "autoencoder": 0.6394241623152943,
        "vae": 0.5559235885479578,
        "fanogan": 0.5487228865022664,
        "ganomaly": 0.7843277246665855,
        "lraad": 0.8430296371896949,
        "improved_lraad": 0.9152226248477151
    },
    "ssva3": {
        "autoencoder": 0.760477431124511,
        "vae": 0.6575501123085837,
        "fanogan": 0.5935260265649595,
        "ganomaly": 0.807648401826484,
        "lraad": 0.8639112829812181,
        "improved_lraad": 0.9537854599137945
    },
    "ssva4": {
        "autoencoder": 0.697157874969699,
        "vae": 0.6251944202557036,
        "fanogan": 0.5789601130264431,
        "ganomaly": 0.8163719541693586,
        "lraad": 0.834210825423875,
        "improved_lraad": 0.911772478102687
    },
    "ssva5": {
        "autoencoder": 0.6528885778164798,
        "vae": 0.6568732177059502,
        "fanogan": 0.6422773933588641,
        "ganomaly": 0.8704968627463221,
        "lraad": 0.8866220397402806,
        "improved_lraad": 0.8794206874596204
    },
    "ssva6": {
        "autoencoder": 0.5261665605483196,
        "vae": 0.46562090677087076,
        "fanogan": 0.45890918142179865,
        "ganomaly": 0.5242516185648846,
        "lraad": 0.6335161273877928,
        "improved_lraad": 0.9377266068866646
    }
}