{
    "ssva1": {
        "autoencoder": 0.5431084326632272,
        "vae": 0.45028023826690006,
        "fanogan": 0.38085074922674056,
        "ganomaly": 0.6416921818868465,
        "lraad": 0.7077654831349857,
        "improved_lraad": 0.8706074026910362
    },
    "ssva2": {
        "autoencoder": 0.5355416483300405,
        "vae": 0.4192055091027694,
        "fanogan": 0.40371983820073215,
        "ganomaly": 0.732446776967325,
        "lraad": 0.786470574006623,
        "improved_lraad": 0.8798381383096595
    },
    "ssva3": {
        "autoencoder": 0.7041015716439293,
        "vae": 0.522478752922156,
        "fanogan": 0.4598045549739853,
        "ganomaly": 0.7496120047940524,
        "lraad": 0.8175833419164348,
        "improved_lraad": 0.9399413071907664
    },
    "ssva4": {
        "autoencoder": 0.6141521300137017,
        "vae": 0.5013867561181908,
        "fanogan": 0.45321409844661464,
        "ganomaly": 0.7608958573270036,
        "lraad": 0.8172590372256918,
        "improved_lraad": 0.9108192336382676
    },
    "ssva5": {
        "autoencoder": 0.5464968070862086,
        "vae": 0.5390158537689178,
        "fanogan": 0.537149029173182,
        "ganomaly": 0.8332426255551706,
        "lraad": 0.8115478609350274,
        "improved_lraad": 0.8306413605620525
    },
    "ssva6": {
        "autoencoder": 0.38010899368595835,
        "vae": 0.3190241325605421,
        "fanogan": 0.32272169371123943,
        "ganomaly": 0.39345376595286474,
        "lraad": 0.5376552370964771,
        "improved_lraad": 0.909733666357675
    }
}