{
    "ssva1": {
        "autoencoder": 0.36397227502130164,
        "vae": 0.27358441246328774,
        "fanogan": 0.2261335156071998,
        "ganomaly": 0.526756648782604,
        "lraad": 0.5628739501306192,
        "improved_lraad": 0.8279220779220777
    },
    "ssva2": {
        "autoencoder": 0.4405218369710078,
        "vae": 0.24721868494399135,
        "fanogan": 0.23183542604955726,
        "ganomaly": 0.6352548556946538,
        "lraad": 0.6657736339603679,
        "improved_lraad": 0.8067725353233643
    },
    "ssva3": {
        "autoencoder": 0.602361094205002,
        "vae": 0.33722030793047375,
        "fanogan": 0.2650617827258058,
        "ganomaly": 0.6810457026751188,
        "lraad": 0.7020313860616673,
        "improved_lraad": 0.9167279188007379
    },
    "ssva4": {
        "autoencoder": 0.5487079310979815,
        "vae": 0.33446201119236446,
        "fanogan": 0.3135621588217118,
        "ganomaly": 0.6635342247274475,
        "lraad": 0.6993013745447055,
        "improved_lraad": 0.8059200772791255
    },
    "ssva5": {
        "autoencoder": 0.40899649497342355,
        "vae": 0.3700272630517763,
        "fanogan": 0.3963851877514458,
        "ganomaly": 0.7626222311694554,
        "lraad": 0.7400408711692056,
        "improved_lraad": 0.654412728583601
    },
    "ssva6": {
        "autoencoder": 0.2167993926285202,
        "vae": 0.15663575189530488,
        "fanogan": 0.16241764123883806,
        "ganomaly": 0.23296098278073762,
        "lraad": 0.3790804845238875,
        "improved_lraad": 0.8936062135413253
    }
}